date,channel,sample
1657011578.274951,0,-0.07861843155579606
1657011578.275422,1,-0.23517589237442493
1657011578.27583,2,1.7342492974520578
1657011578.276204,3,0.3849023807304004
1657011578.277234,0,0.22496155631844061
1657011578.2776,1,-0.17027682708418723
1657011578.278022,2,1.1329333133647896
1657011578.278385,3,0.2766347457438414
1657011578.279381,0,0.1492972432312456
1657011578.279799,1,-0.16658588498237314
1657011578.280245,2,0.03826140166832914
1657011578.280687,3,0.06440557488951448
1657011578.281758,0,-0.04447721711401087
1657011578.282201,1,-0.2154908678314129
1657011578.282641,2,-1.220657433558877
1657011578.283085,3,-0.18381028145750733
1657011578.284154,0,-0.30591894932586783
1657011578.284595,1,-0.28715666030831066
1657011578.285066,2,-1.7736835918140716
1657011578.285509,3,-0.3326782795640213
1657011578.286576,0,-0.4640143026869179
1657011578.287015,1,-0.3517481470900634
1657011578.287458,2,-1.464567190787113
1657011578.287928,3,-0.30222800722405196
1657011578.288997,0,-0.42495183210938237
1657011578.28944,1,-0.36282097339550745
1657011578.289879,2,-0.3323707010555381
1657011578.290317,3,-0.10291713372607347
1657011578.291383,0,-0.23794409895078594
1657011578.291825,1,-0.3083795773937439
1657011578.292263,2,1.0092867529540062
1657011578.292705,3,0.1616003835706259
1657011578.293771,0,0.048103913939833376
1657011578.294238,1,-0.23025463623867104
1657011578.294681,2,1.7093354382648087
1657011578.295119,3,0.3427641250680189
1657011578.296186,0,0.2323434405220688
1657011578.296625,1,-0.16689346349085632
1657011578.297067,2,1.564773539277077
1657011578.297506,3,0.3593733645261832
1657011578.298741,0,0.23541922560691653
1657011578.299188,1,-0.1527448521005681
1657011578.299629,2,0.4442650328679143
1657011578.300072,3,0.15698670594335873
1657011578.301138,0,0.03580077360045131
1657011578.301579,1,-0.18750122355932142
1657011578.302008,2,-0.9536792881942997
1657011578.302376,3,-0.12044910870969261
1657011578.30333,0,-0.2354834708829081
1657011578.303675,1,-0.2634731151550014
1657011578.304022,2,-1.7269316585244212
1657011578.304367,3,-0.320375139224641
1657011578.30532,0,-0.4418686500760316
1657011578.305666,1,-0.3480572049882493
1657011578.306011,2,-1.785679153644967
1657011578.306357,3,-0.3720483286500418
1657011578.30731,0,-0.4932342609929492
1657011578.307654,1,-0.3668194940058065
1657011578.308027,2,-1.1656008805401434
1657011578.308376,3,-0.2527078673580423
1657011578.309328,0,-0.38588936153184683
1657011578.309673,1,-0.3505178330561254
1657011578.310018,2,-0.19457552925446464
1657011578.310366,3,-0.08477000172548621
1657011578.311316,0,-0.2047256200344556
1657011578.311665,1,-0.3003825361731458
1657011578.312011,2,0.9271632911886343
1657011578.312355,3,0.13514863184095738
1657011578.313306,0,0.03580077360045131
1657011578.313653,1,-0.233330421323517
1657011578.313998,2,1.6779624303993863
1657011578.314343,3,0.33876560445771986
1657011578.315295,0,0.22465397780995744
1657011578.315642,1,-0.17612081874539243
1657011578.315987,2,1.7311735123672118
1657011578.316331,3,0.39166910791705867
1657011578.317282,0,0.27540443170990514
1657011578.31763,1,-0.13705834816785867
1657011578.317994,2,1.1249362721441933
1657011578.31834,3,0.2781726382862644
1657011578.319293,0,0.15452607787548267
1657011578.319638,1,-0.15582063718541406
1657011578.319985,2,0.16313827611305065
1657011578.32033,3,0.11392571475552238
1657011578.321282,0,-0.013104209248588461
1657011578.321628,1,-0.20072709942415656
1657011578.321975,2,-0.971826420194887
1657011578.32232,3,-0.10568534030243448
1657011578.323272,0,-0.25363060288349715
1657011578.323618,1,-0.2840808752234665
1657011578.323965,2,-1.7269316585244212
1657011578.324309,3,-0.32006756071615605
1657011578.325262,0,-0.4424838070930015
1657011578.32563,1,-0.3388298497337132
1657011578.325975,2,-1.7881397817128448
1657011578.326321,3,-0.3689725435651976
1657011578.327273,0,-0.4947721535353722
1657011578.327618,1,-0.37081801461610375
1657011578.327985,2,-1.1803646489474016
1657011578.328337,3,-0.2570139664768263
1657011578.329289,0,-0.387734832582753
1657011578.329635,1,-0.3499026760391555
1657011578.329999,2,-0.2068786695938467
1657011578.330346,3,-0.08661547277639414
1657011578.331298,0,-0.20288014898354767
1657011578.331643,1,-0.3142235690549491
1657011578.331987,2,0.9179359359341
1657011578.332333,3,0.1293046401797504
1657011578.333283,0,0.034878038075000006
1657011578.333632,1,-0.23025463623867104
1657011578.333977,2,1.6819609510096871
1657011578.334322,3,0.3372277119152969
1657011578.335273,0,0.22557671333541052
1657011578.33562,1,-0.1684313560332793
1657011578.335965,2,1.7296356198247906
1657011578.33631,3,0.38736300879827645
1657011578.337261,0,0.26310129137052485
1657011578.337608,1,-0.1355204556254339
1657011578.337977,2,1.1323181563478215
1657011578.338322,3,0.277557481269298
1657011578.339275,0,0.166521639706378
1657011578.339621,1,-0.15735852972783704
1657011578.339967,2,0.18313087916454407
1657011578.340312,3,0.11115750817916314
1657011578.341264,0,-0.013104209248588461
1657011578.341608,1,-0.20226499196657954
1657011578.341955,2,-0.9653672715167119
1657011578.342299,3,-0.10568534030243448
1657011578.34325,0,-0.24778661122229018
1657011578.343602,1,-0.2733156274265074
1657011578.34395,2,-1.7324680716771432
1657011578.344294,3,-0.31852966817373307
1657011578.345246,0,-0.45570968295783665
1657011578.345591,1,-0.3382146927167433
1657011578.345959,2,-1.7813730545261848
1657011578.346304,3,-0.3652816014633835
1657011578.347256,0,-0.4938494180099191
1657011578.347602,1,-0.3702028575991356
1657011578.347969,2,-1.1892844256934545
1657011578.348335,3,-0.2563988094598564
1657011578.349286,0,-0.3868120970572999
1657011578.34963,1,-0.3474420479712794
1657011578.349975,2,-0.230562214747156
1657011578.350321,3,-0.09030641487820645
1657011578.351273,0,-0.2041104630174857
1657011578.351619,1,-0.3068416848513209
1657011578.351963,2,0.9142449938322841
1657011578.35231,3,0.1286894831627805
1657011578.35326,0,0.018268798616833948
1657011578.35361,1,-0.2348683138659382
1657011578.353955,2,1.6865746286369543
1657011578.3543,3,0.336612554898327
1657011578.355249,0,0.22680702736934855
1657011578.355595,1,-0.16597072796540324
1657011578.355941,2,1.7237916281635854
1657011578.356285,3,0.38828574432372776
1657011578.357238,0,0.2717134896080893
1657011578.357617,1,-0.14843875298178588
1657011578.357985,2,1.1261665861781296
1657011578.358332,3,0.28247873740505014
1657011578.359284,0,0.1686746892657709
1657011578.359631,1,-0.15735852972783704
1657011578.359976,2,0.17667173048636897
1657011578.36032,3,0.11607876431491526
1657011578.361272,0,-0.025407349587972305
1657011578.361617,1,-0.2019574134580946
1657011578.361963,2,-0.974287048262763
1657011578.362308,3,-0.10537776179394953
1657011578.36326,0,-0.24501840464592917
1657011578.363604,1,-0.26870194979923845
1657011578.36395,2,-1.7343135427280512
1657011578.364295,3,-0.316069040105857
1657011578.365246,0,-0.44217622858451655
1657011578.365593,1,-0.3495950975306723
1657011578.36594,2,-1.7767593768989158
1657011578.366285,3,-0.3711255931245887
1657011578.367236,0,-0.4916963684505262
1657011578.367581,1,-0.3662043369888366
1657011578.367948,2,-1.1982042024395057
1657011578.368296,3,-0.26439585068045446
1657011578.369247,0,-0.39234851021002193
1657011578.369592,1,-0.35297846112400144
1657011578.369937,2,-0.25363060288349715
1657011578.370284,3,-0.09338219996305419
1657011578.371236,0,-0.21733633888232085
1657011578.3716,1,-0.3040734782749599
1657011578.371945,2,0.910861630238955
1657011578.372292,3,0.12684401211187435
1657011578.373262,0,0.024420368786524094
1657011578.373606,1,-0.2484017682392583
1657011578.37395,2,1.682576108026657
1657011578.374296,3,0.3335367698134828
1657011578.375246,0,0.22496155631844061
1657011578.375593,1,-0.16443283542298026
1657011578.375938,2,1.7244067851805518
1657011578.376282,3,0.38674785178130655
1657011578.377234,0,0.2757120102183901
1657011578.377581,1,-0.1376735051848268
1657011578.377988,2,1.1470819247550796
1657011578.378325,3,0.2757120102183901
1657011578.379253,0,0.1692898462827408
1657011578.379567,1,-0.15182211657511502
1657011578.379875,2,0.21327357299602845
1657011578.380182,3,0.12622885509490445
1657011578.381095,0,-0.011873895214652208
1657011578.3814,1,-0.19672857881385752
1657011578.381706,2,-0.8844741237852798
1657011578.382011,3,-0.08323210918306323
1657011578.382921,0,-0.24471082613744422
1657011578.383226,1,-0.2640882721719713
1657011578.38353,2,-1.6509597669287412
1657011578.383835,3,-0.2942309660034539
1657011578.384744,0,-0.4375625509572494
1657011578.385049,1,-0.3332934365809912
1657011578.385352,2,-1.7776821124243707
1657011578.385657,3,-0.3388298497337132
1657011578.386565,0,-0.5018464592305154
1657011578.386869,1,-0.37235590715852673
1657011578.387173,2,-1.5365405617724939
1657011578.387477,3,-0.32806460193675413
1657011578.388391,0,-0.4695507158396399
1657011578.388694,1,-0.3748165352264028
1657011578.388998,2,-0.7586745138151034
1657011578.389301,3,-0.19734373583082565
1657011578.390209,0,-0.3166841971228269
1657011578.390513,1,-0.3403677422761362
1657011578.390816,2,0.3984358351037187
1657011578.391121,3,0.02226731922713121
1657011578.392027,0,-0.08046390260670222
1657011578.392333,1,-0.2763914125113516
1657011578.392636,2,1.2261296014356038
1657011578.392963,3,0.20527653177543215
1657011578.393894,0,0.1114650866876481
1657011578.394201,1,-0.20964687617020772
1657011578.394506,2,1.7022611325696673
1657011578.394811,3,0.34030349700014284
1657011578.39572,0,0.2464920519123588
1657011578.396025,1,-0.15674337271086713
1657011578.396329,2,1.7059520746714796
1657011578.396632,3,0.39597520703584266
1657011578.397541,0,0.2772499027608113
1657011578.397845,1,-0.13490529860846578
1657011578.39818,2,1.0191292652255122
1657011578.398468,3,0.2627937128620399
1657011578.399378,0,0.15544881340093575
1657011578.399684,1,-0.15889642227026002
1657011578.399987,2,0.1363789458748954
1657011578.400291,3,0.11269540072158435
1657011578.401199,0,-0.01987093643524851
1657011578.401503,1,-0.20564835555990868
1657011578.40174,2,-0.9269199579561445
1657011578.401901,3,-0.07861843155579606
1657011578.402645,0,-0.24286535508653806
1657011578.402814,1,-0.26870194979923845
1657011578.402983,2,-1.468873289905897
1657011578.403152,3,-0.2268712726453419
1657011578.403896,0,-0.3868120970572999
1657011578.404065,1,-0.3348313291234142
1657011578.404233,2,-1.7619956084916595
1657011578.404402,3,-0.320375139224641
1657011578.405146,0,-0.48000838512811406
1657011578.405315,1,-0.3812756839045779
1657011578.405484,2,-1.7826033685601228
1657011578.405653,3,-0.3468268909543113
1657011578.406397,0,-0.5067677153662693
1657011578.406566,1,-0.3938864027524449
1657011578.406735,2,-1.6595719651663092
1657011578.406904,3,-0.37358622119246476
1657011578.407647,0,-0.5000009881796093
1657011578.407817,1,-0.3855817830233619
1657011578.407989,2,-1.1173110547080718
1657011578.408157,3,-0.25885943752773244
1657011578.4089,0,-0.403113758006981
1657011578.409069,1,-0.3609755023445995
1657011578.409247,2,-0.6018094744879914
1657011578.409416,3,-0.18319512444053743
1657011578.410159,0,-0.2911551809186097
1657011578.410337,1,-0.327449444919786
1657011578.410506,2,0.26248613435355495
1657011578.410674,3,-0.017717886875857403
1657011578.411418,0,-0.11921879467575458
1657011578.411587,1,-0.2776217265452896
1657011578.411756,2,0.8834871429838316
1657011578.411925,3,0.10193015292462704
1657011578.412669,0,0.026573418345916977
1657011578.412838,1,-0.22717885115382686
1657011578.413007,2,1.4303617310693362
1657011578.413177,3,0.24679963042084374
1657011578.41392,0,0.16682921821486296
1657011578.414089,1,-0.17704355427084728
1657011578.414258,2,1.7142566944005626
1657011578.414428,3,0.3430717035765021
1657011578.41517,0,0.263408869879008
1657011578.415339,1,-0.1376735051848268
1657011578.415508,2,1.7299431983332738
1657011578.415677,3,0.36890829828920246
1657011578.41642,0,0.2935515637104924
1657011578.416589,1,-0.11706574511636347
1657011578.416758,2,1.5989147537188622
1657011578.416927,3,0.3870554302897915
1657011578.417671,0,0.2750968532014202
1657011578.41784,1,-0.11645058809939357
1657011578.418011,2,1.0554235292266867
1657011578.41818,3,0.2806332663541422
1657011578.418924,0,0.16406101163850373
1657011578.419092,1,-0.14136444728664088
1657011578.419261,2,0.5319249077860082
1657011578.41943,3,0.20250832519907114
1657011578.420173,0,0.053640327092555395
1657011578.420343,1,-0.1782738683047853
1657011578.420513,2,-0.3209902962416109
1657011578.420682,3,0.03979929421075212
1657011578.421425,0,-0.11491269555697059
1657011578.421594,1,-0.233330421323517
1657011578.421763,2,-0.9398382553124947
1657011578.421932,3,-0.08446242321700126
1657011578.422675,0,-0.26070490857864037
1657011578.422844,1,-0.2939233874949707
1657011578.423013,2,-1.482406744279217
1657011578.423182,3,-0.2284091651877631
1657011578.423925,0,-0.3981925018712289
1657011578.424095,1,-0.3452889984118883
1657011578.424264,2,-1.7659941291019585
1657011578.424443,3,-0.3225281887840321
1657011578.425186,0,-0.48308417021296
1657011578.425355,1,-0.36774222953125957
1657011578.425524,2,-1.7807578975092149
1657011578.425693,3,-0.34651931244582634
1657011578.426435,0,-0.5196860127226195
1657011578.426605,1,-0.38435146898942385
1657011578.426773,2,-1.6481915603523802
1657011578.426942,3,-0.36282097339550745
1657011578.427695,0,-0.5024616162474853
1657011578.427864,1,-0.3868120970572999
1657011578.428045,2,-1.0982411871820315
1657011578.428215,3,-0.25732154498531123
1657011578.428959,0,-0.391733353193052
1657011578.429128,1,-0.36374370892096053
1657011578.429297,2,-0.5682834170631761
1657011578.429466,3,-0.17735113277933046
1657011578.430209,0,-0.2690095283077234
1657011578.430378,1,-0.327449444919786
1657011578.430547,2,0.2920136711680694
1657011578.430716,3,-0.01433452328252649
1657011578.431459,0,-0.09584282803093025
1657011578.431628,1,-0.27423836295196047
1657011578.431797,2,0.8991736469165428
1657011578.431966,3,0.10869688011128709
1657011578.432708,0,0.0407220297362052
1657011578.432877,1,-0.22318033054352782
1657011578.433046,2,1.4494315985953783
1657011578.433215,3,0.2498754155056897
1657011578.433958,0,0.1757489949609159
1657011578.434128,1,-0.1718147196266102
1657011578.434296,2,1.7157945869429838
1657011578.434465,3,0.34245654655953217
1657011578.435209,0,0.26094824181113196
1657011578.435378,1,-0.13521287711695074
1657011578.435556,2,1.7271749917569128
1657011578.435724,3,0.37444471144192626
1657011578.436468,0,0.2880151505577704
1657011578.436637,1,-0.1284461499302907
1657011578.436805,2,1.581690357243728
1657011578.436974,3,0.3858251162558535
1657011578.437717,0,0.26740739048930706
1657011578.437886,1,-0.13182951352361982
1657011578.43807,2,1.0335854551242853
1657011578.43824,3,0.2781726382862644
1657011578.438983,0,0.15975491251971974
1657011578.439161,1,-0.14567054640542487
1657011578.439331,2,0.49040180914059484
1657011578.4395,3,0.2000476971311933
1657011578.440243,0,0.03641593061742121
1657011578.440412,1,-0.17704355427084728
1657011578.440581,2,-0.3695877005821657
1657011578.440749,3,0.035185616583481405
1657011578.441493,0,-0.13921139772724977
1657011578.441662,1,-0.2299470577301861
1657011578.441831,2,-0.968443056601556
1657011578.442,3,-0.09153672891214626
1657011578.442743,0,-0.28008235461316566
1657011578.442912,1,-0.28223540417255855
1657011578.443081,2,-1.5162403802125155
1657011578.44325,3,-0.2370213634253311
1657011578.443993,0,-0.4148017413293932
1657011578.444162,1,-0.3339085935979611
1657011578.444331,2,-1.7693774926952877
1657011578.4445,3,-0.318837246682218
1657011578.445243,0,-0.4938494180099191
1657011578.445412,1,-0.3702028575991356
1657011578.445581,2,-1.7795275834752786
1657011578.44575,3,-0.3539011966494563
1657011578.446492,0,-0.5178405416717133
1657011578.446661,1,-0.39142577468456885
1657011578.44683,2,-1.62912169282634
1657011578.446999,3,-0.36804980803974274
1657011578.447741,0,-0.4836993272299299
1657011578.447911,1,-0.3889651466166928
1657011578.448081,2,-1.0831698402662902
1657011578.44825,3,-0.25240028884955734
1657011578.448993,0,-0.3754316922433727
1657011578.449163,1,-0.36128308085308447
1657011578.449332,2,-0.5449074504183518
1657011578.449501,3,-0.17612081874539243
1657011578.450244,0,-0.2699322638331765
1657011578.450413,1,-0.32498881685190817
1657011578.450582,2,0.3178502658807698
1657011578.450751,3,-0.003569275485569179
1657011578.451495,0,-0.09922619162425939
1657011578.451664,1,-0.2733156274265074
1657011578.451833,2,0.9105540517304718
1657011578.452011,3,0.1114650866876481
1657011578.452754,0,0.04595086438044227
1657011578.452923,1,-0.22225759501807474
1657011578.453092,2,1.4734227222571725
1657011578.45327,3,0.2612558203196169
1657011578.454013,0,0.18682182126635816
1657011578.454182,1,-0.18257996742356752
1657011578.454351,2,1.7179476365023767
1657011578.45452,3,0.3430717035765021
1657011578.455263,0,0.26248613435355495
1657011578.455432,1,-0.14874633149026906
1657011578.455602,2,1.7253295207060066
1657011578.455771,3,0.3747522899504112
1657011578.456514,0,0.2855545224898943
1657011578.456683,1,-0.12167942274363064
1657011578.456852,2,1.5672341673449548
1657011578.457021,3,0.37536744696737756
1657011578.457765,0,0.25848761374325413
1657011578.457946,1,-0.11552785257394049
1657011578.458126,2,1.012054959530369
1657011578.458296,3,0.2707907540826362
1657011578.459039,0,0.14714419367185272
1657011578.459208,1,-0.14074929026967098
1657011578.459377,2,0.46118185083456353
1657011578.459546,3,0.19235823441908195
1657011578.460288,0,0.031494674481669094
1657011578.460457,1,-0.17950418233872334
1657011578.460626,2,-0.39788492336274395
1657011578.460795,3,0.022574897735616162
1657011578.461538,0,-0.1425947613205789
1657011578.461707,1,-0.23240768579806215
1657011578.461876,2,-0.9810537754494231
1657011578.462044,3,-0.09676556355638333
1657011578.462788,0,-0.2825429826810417
1657011578.462966,1,-0.28654150329134254
1657011578.463135,2,-1.5399239253658248
1657011578.463304,3,-0.24717145420532027
1657011578.464047,0,-0.4148017413293932
1657011578.464216,1,-0.33944500675068134
1657011578.464385,2,-1.7699926497122576
1657011578.464555,3,-0.31945240369918615
1657011578.465298,0,-0.478778071094176
1657011578.465467,1,-0.3726634856670117
1657011578.465637,2,-1.7789124264583087
1657011578.465806,3,-0.35021025454764043
1657011578.466549,0,-0.49938583116263935
1657011578.466719,1,-0.38804241109123794
1657011578.466888,2,-1.6125124533681738
1657011578.467057,3,-0.3548239321749076
1657011578.4678,0,-0.4852372197723511
1657011578.46798,1,-0.3855817830233619
1657011578.468149,2,-1.057640824062073
1657011578.468318,3,-0.24532598315441412
1657011578.469061,0,-0.3775847418027638
1657011578.46923,1,-0.3603603453276314
1657011578.469399,2,-0.5039995087899083
1657011578.469568,3,-0.1684313560332793
1657011578.470311,0,-0.26008975156167224
1657011578.47048,1,-0.3345237506149292
1657011578.470649,2,0.36152641408557606
1657011578.470818,3,-0.0004934904007232177
1657011578.47156,0,-0.08999883636972328
1657011578.471729,1,-0.2846960322404346
1657011578.471899,2,0.9391588530195332
1657011578.472067,3,0.12038486343369925
1657011578.47281,0,0.04994938499073953
1657011578.47298,1,-0.22871674369624984
1657011578.473149,2,1.499566895478356
1657011578.473404,3,0.2787877953032343
1657011578.474149,0,0.18036267258818306
1657011578.474319,1,-0.16996924857570228
1657011578.474488,2,1.7194855290447997
1657011578.474657,3,0.339380761474688
1657011578.475402,0,0.25387393611598696
1657011578.475571,1,-0.13429014159149588
1657011578.47574,2,1.7234840496550987
1657011578.475909,3,0.3812114386285863
1657011578.476653,0,0.277557481269298
1657011578.476822,1,-0.11675816660787675
1657011578.476992,2,1.5106397217838001
1657011578.477162,3,0.36798556276375116
1657011578.477906,0,0.24618447340387384
1657011578.478077,1,-0.12383247230302175
1657011578.478245,2,0.9640727122067805
1657011578.478415,3,0.26094824181113196
1657011578.479158,0,0.14652903665488637
1657011578.479327,1,-0.15120695955814512
1657011578.479496,2,0.38951605835766756
1657011578.479665,3,0.1815929866221211
1657011578.480408,0,0.034878038075000006
1657011578.480577,1,-0.18688606654235151
1657011578.480747,2,-0.4766250215347849
1657011578.480916,3,0.009656600379265967
1657011578.481659,0,-0.14290233982906386
1657011578.481828,1,-0.23855925596775407
1657011578.481997,2,-1.0333421218917938
1657011578.482166,3,-0.10507018328546458
1657011578.482921,0,-0.2874642388167956
1657011578.48309,1,-0.2896172883761867
1657011578.483259,2,-1.5882137511978964
1657011578.483429,3,-0.2576291234937962
1657011578.484172,0,-0.4252594106178673
1657011578.484341,1,-0.3406753207846194
1657011578.484511,2,-1.7739911703225566
1657011578.48468,3,-0.3182220896652481
1657011578.485423,0,-0.48492964126386795
1657011578.485592,1,-0.37512411373488774
1657011578.485761,2,-1.7752214843564946
1657011578.48593,3,-0.3597451883106615
1657011578.486673,0,-0.5092283434341454
1657011578.486843,1,-0.403113758006981
1657011578.487012,2,-1.5617619994682261
1657011578.487181,3,-0.34590415542885644
1657011578.487931,0,-0.476009864517815
1657011578.488101,1,-0.39726976634577404
1657011578.488271,2,-1.0099661552469694
1657011578.48844,3,-0.24071230552714518
1657011578.489184,0,-0.3702028575991356
1657011578.489353,1,-0.35574666770036245
1657011578.489522,2,-0.43233371631301054
1657011578.489691,3,-0.15582063718541406
1657011578.490434,0,-0.26316553664651643
1657011578.490603,1,-0.3154538830888871
1657011578.490773,2,0.4371907271727711
1657011578.490958,3,0.017038484582894142
1657011578.491701,0,-0.08477000172548621
1657011578.49187,1,-0.26439585068045446
1657011578.492039,2,0.9960608770891728
1657011578.492218,3,0.13422589631550252
1657011578.492962,0,0.05487064112649165
1657011578.49313,1,-0.21364539678050676
1657011578.493299,2,1.5561613410395125
1657011578.493468,3,0.2880151505577704
1657011578.494212,0,0.19697191204634912
1657011578.494381,1,-0.1641252569144971
1657011578.49455,2,1.7204082645702545
1657011578.494719,3,0.3399959184916579
1657011578.495462,0,0.2627937128620399
1657011578.495631,1,-0.1333674060660428
1657011578.4958,2,1.7219461571126775
1657011578.495969,3,0.38151901713707126
1657011578.496712,0,0.2950894562529154
1657011578.496881,1,-0.11552785257394049
1657011578.49706,2,1.4857258625965528
1657011578.497229,3,0.36244914961102737
1657011578.497975,0,0.2541815146244719
1657011578.498145,1,-0.12167942274363064
1657011578.498313,2,0.9394664315280181
1657011578.498482,3,0.25664214269234975
1657011578.499225,0,0.1422229375361006
1657011578.499394,1,-0.14843875298178588
1657011578.499563,2,0.34737780269528606
1657011578.499732,3,0.17236563136758676
1657011578.500476,0,0.016115749057441064
1657011578.500645,1,-0.18873153759325945
1657011578.500814,2,-0.5116889715020214
1657011578.500982,3,0.0010444021416979865
1657011578.501726,0,-0.15305243060905305
1657011578.501895,1,-0.2456335616628973
1657011578.502064,2,-1.061024187655402
1657011578.502232,3,-0.11337480301454761
1657011578.502975,0,-0.2902324453931566
1657011578.503144,1,-0.304688635291928
1657011578.503313,2,-1.6091290897748447
1657011578.503482,3,-0.2733156274265074
1657011578.504226,0,-0.4298730882451345
1657011578.504396,1,-0.35513151068339255
1657011578.504565,2,-1.7718381207631637
1657011578.504734,3,-0.32283576729251706
1657011578.505477,0,-0.49507973204385713
1657011578.505646,1,-0.37358622119246476
1657011578.505815,2,-1.7758366413734628
1657011578.505984,3,-0.36128308085308447
1657011578.506728,0,-0.5221466407904956
1657011578.506897,1,-0.38865756810820784
1657011578.507066,2,-1.5396163468573398
1657011578.507235,3,-0.34282837034401226
1657011578.50798,0,-0.48308417021296
1657011578.50815,1,-0.38281357644700087
1657011578.508318,2,-0.9933569157888051
1657011578.508487,3,-0.23517589237442493
1657011578.509231,0,-0.37358622119246476
1657011578.5094,1,-0.35574666770036245
1657011578.509569,2,-0.3997303944136519
1657011578.509738,3,-0.14813117447330093
1657011578.510481,0,-0.25147755332410426
1657011578.51065,1,-0.318837246682218
1657011578.510819,2,0.46241216486850156
1657011578.510988,3,0.019191534142287026
1657011578.511741,0,-0.06262434911459991
1657011578.511911,1,-0.2634731151550014
1657011578.512079,2,1.015438323123698
1657011578.512249,3,0.13607136736641046
1657011578.512992,0,0.07886176478828766
1657011578.513161,1,-0.21149234722111565
1657011578.51333,2,1.5693872169043477
1657011578.513499,3,0.2920136711680694
1657011578.514242,0,0.21388873001299835
1657011578.514411,1,-0.15920400077874497
1657011578.51458,2,1.7170249009769236
1657011578.514749,3,0.3430717035765021
1657011578.515493,0,0.2643316054044611
1657011578.515662,1,-0.12875372843877564
1657011578.515831,2,1.7197931075532846
1657011578.516,3,0.3855175377473685
1657011578.516743,0,0.28955304310019514
1657011578.516911,1,-0.11368238152303256
1657011578.51708,2,1.4783439783929246
1657011578.517249,3,0.36521735618739015
1657011578.517994,0,0.24895267998023485
1657011578.518163,1,-0.1269082573878677
1657011578.518341,2,0.927470869697121
1657011578.51851,3,0.25848761374325413
1657011578.519253,0,0.14160778051913248
1657011578.519423,1,-0.16258736437207233
1657011578.519592,2,0.3280003566607608
1657011578.51976,3,0.16590648268941166
1657011578.520504,0,0.015193013531987987
1657011578.520673,1,-0.20164983494960964
1657011578.520843,2,-0.5255300043838265
1657011578.521011,3,0.0007368236332148115
1657011578.521754,0,-0.16227978586358915
1657011578.521923,1,-0.24471082613744422
1657011578.522092,2,-1.0754803775541752
1657011578.522262,3,-0.11398996003151751
1657011578.523005,0,-0.3037658997664767
1657011578.523183,1,-0.29084760241012475
1657011578.523352,2,-1.627276221775432
1657011578.523521,3,-0.27147015637559946
1657011578.524265,0,-0.4461747491948156
1657011578.524434,1,-0.34282837034401226
1657011578.524603,2,-1.7690699141868045
1657011578.524772,3,-0.32345092430948696
1657011578.525515,0,-0.5000009881796093
1657011578.525684,1,-0.37512411373488774
1657011578.525861,2,-1.7758366413734628
1657011578.52603,3,-0.3695877005821657
1657011578.526774,0,-0.5224542192989805
1657011578.526942,1,-0.3938864027524449
1657011578.527111,2,-1.5226995288906906
1657011578.52728,3,-0.3409828992931043
1657011578.528034,0,-0.4704734513650948
1657011578.528203,1,-0.3855817830233619
1657011578.528372,2,-0.9699809491439808
1657011578.528542,3,-0.23302284281503205
1657011578.529285,0,-0.35205572559854836
1657011578.529454,1,-0.35420877515793947
1657011578.529623,2,-0.3634361304124756
1657011578.529792,3,-0.14751601745633103
1657011578.530535,0,-0.23179252878109402
1657011578.530704,1,-0.3142235690549491
1657011578.530873,2,0.49163212317453464
1657011578.531042,3,0.027803732379855006
1657011578.531786,0,-0.058933407012784045
1657011578.531964,1,-0.2603973300701554
1657011578.532133,2,1.0400446038024604
1657011578.532301,3,0.1428380945530705
1657011578.533045,0,0.0785541862798027
1657011578.533214,1,-0.2105696116956608
1657011578.533383,2,1.589379819955841
1657011578.533552,3,0.3000107123886675
1657011578.534295,0,0.21757967211481244
1657011578.534465,1,-0.1711995626096403
1657011578.534634,2,1.7142566944005626
1657011578.534804,3,0.343686860593472
1657011578.535547,0,0.2698680185571849
1657011578.535716,1,-0.14320991833754704
1657011578.535886,2,1.7197931075532846
1657011578.536055,3,0.3861326947643384
1657011578.536797,0,0.2892454645917102
1657011578.536966,1,-0.11860363765878468
1657011578.537135,2,1.4571210613074914
1657011578.537304,3,0.3599885215431531
1657011578.538058,0,0.23172828350510244
1657011578.538227,1,-0.12014153020120766
1657011578.538397,2,0.9037873245438117
1657011578.538566,3,0.25049057252265783
1657011578.539309,0,0.12100002045066738
1657011578.539478,1,-0.150591802541177
1657011578.539647,2,0.2941667207274623
1657011578.539816,3,0.16375343313001878
1657011578.540569,0,-0.0032616969770842275
1657011578.540738,1,-0.1918073226781054
1657011578.540907,2,-0.564592474961362
1657011578.541076,3,-0.006645060570413364
1657011578.541819,0,-0.18011933935569147
1657011578.541988,1,-0.2484017682392583
1657011578.542158,2,-1.1037776003347535
1657011578.542328,3,-0.12998404247271367
1657011578.543071,0,-0.3068416848513209
1657011578.543241,1,-0.30007495766466086
1657011578.543409,2,-1.6469612463184422
1657011578.543578,3,-0.28223540417255855
1657011578.544321,0,-0.43356403034695035
1657011578.54449,1,-0.3480572049882493
1657011578.544685,2,-1.7684547571698346
1657011578.544854,3,-0.32222061027554716
1657011578.545597,0,-0.486159955297806
1657011578.545766,1,-0.37573927075185765
1657011578.545935,2,-1.7742987488310398
1657011578.546104,3,-0.36589675848035164
1657011578.546848,0,-0.5156874921123205
1657011578.547017,1,-0.39081061766759895
1657011578.547186,2,-1.4894810499743603
1657011578.547355,3,-0.32867975895372226
1657011578.548099,0,-0.45940062505965074
1657011578.548269,1,-0.38158326241306284
1657011578.548438,2,-0.9432216189058256
1657011578.548607,3,-0.230562214747156
1657011578.54935,0,-0.35144056858157846
1657011578.549519,1,-0.3640512874294437
1657011578.549688,2,-0.320375139224641
1657011578.549857,3,-0.1333674060660428
1657011578.5506,0,-0.22533338010291892
1657011578.550769,1,-0.3262191308858462
1657011578.550937,2,0.5313097507690383
1657011578.551106,3,0.033955302549543376
1657011578.55185,0,-0.049706051758249714
1657011578.552019,1,-0.26316553664651643
1657011578.552188,2,1.0646508844812246
1657011578.552357,3,0.14837450770579075
1657011578.5531,0,0.08009207882222569
1657011578.553269,1,-0.20349530600051757
1657011578.553438,2,1.6059890594140054
1657011578.553607,3,0.2972425058123065
1657011578.55436,0,0.20619926730088345
1657011578.55453,1,-0.15520548016844415
1657011578.554708,2,1.7114884878242016
1657011578.554877,3,0.3421489680510508
1657011578.55562,0,0.25510425014992677
1657011578.555789,1,-0.1284461499302907
1657011578.555958,2,1.7191779505363147
1657011578.556127,3,0.3898236368661543
1657011578.556871,0,0.2772499027608113
1657011578.55704,1,-0.11645058809939357
1657011578.557209,2,1.4202116402893452
1657011578.557378,3,0.34737780269528606
1657011578.558124,0,0.22680702736934855
1657011578.558293,1,-0.12936888545574377
1657011578.558462,2,0.8757976802717202
1657011578.55863,3,0.24956783699720475
1657011578.559374,0,0.13022737570520526
1657011578.559543,1,-0.15582063718541406
1657011578.559712,2,0.25110572953962773
1657011578.559881,3,0.15483365638396762
1657011578.560624,0,0.009349021870781016
1657011578.560792,1,-0.19273005820355849
1657011578.560962,2,-0.5938124332673915
1657011578.561131,3,-0.014026944774043315
1657011578.561875,0,-0.17058440559267218
1657011578.562045,1,-0.24717145420532027
1657011578.562214,2,-1.132997558640783
1657011578.562383,3,-0.12875372843877564
1657011578.563127,0,-0.3111477839701049
1657011578.563296,1,-0.2982294866137529
1657011578.563465,2,-1.6666462708614525
1657011578.563634,3,-0.2850036107489178
1657011578.564378,0,-0.4412534930590635
1657011578.564546,1,-0.34928751902218735
1657011578.564715,2,-1.7675320216443815
1657011578.564884,3,-0.3212978747500941
1657011578.565627,0,-0.4883130048571971
1657011578.565796,1,-0.38927272512517597
1657011578.565966,2,-1.7746063273395247
1657011578.566135,3,-0.3689725435651976
1657011578.566878,0,-0.5119965500105064
1657011578.567047,1,-0.40588196458334025
1657011578.567216,2,-1.4747172815671021
1657011578.567385,3,-0.3326782795640213
1657011578.568129,0,-0.46493703821237276
1657011578.568299,1,-0.3797377913621567
1657011578.568468,2,-0.9247669083967534
1657011578.568637,3,-0.2348683138659382
1657011578.569389,0,-0.3640512874294437
1657011578.569558,1,-0.34928751902218735
1657011578.569727,2,-0.2954612800373937
1657011578.569896,3,-0.13275224904907468
1657011578.57064,0,-0.23425315684897008
1657011578.570809,1,-0.3096098914276819
1657011578.570978,2,0.5534554033799246
1657011578.571147,3,0.03641593061742121
1657011578.571899,0,-0.05708793596187789
1657011578.572068,1,-0.25732154498531123
1657011578.572237,2,1.092948107261801
1657011578.572407,3,0.15391092085851277
1657011578.57315,0,0.07763145075434963
1657011578.573319,1,-0.20872414064475464
1657011578.573488,2,1.6229058773806564
1657011578.573657,3,0.30739259659229745
1657011578.5744,0,0.21112052343663734
1657011578.574568,1,-0.16012673630419627
1657011578.574737,2,1.7124112233496547
1657011578.574907,3,0.3369201334068137
1657011578.57565,0,0.26802254750627696
1657011578.575819,1,-0.1305991994896818
1657011578.575988,2,1.7185627935193466
1657011578.576157,3,0.38797816581524636
1657011578.5769,0,0.3000107123886675
1657011578.57707,1,-0.11368238152303256
1657011578.577239,2,1.405140293373604
1657011578.577407,3,0.35045358778013025
1657011578.578153,0,0.2357268041153997
1657011578.578322,1,-0.12475520782847482
1657011578.578491,2,0.8604187548474922
1657011578.57866,3,0.24802994445478177
1657011578.579403,0,0.12684401211187435
1657011578.579572,1,-0.15305243060905305
1657011578.579742,2,0.23388133306449177
1657011578.579911,3,0.15145029279063849
1657011578.580654,0,-0.0020313829431461983
1657011578.580823,1,-0.19457552925446464
1657011578.580993,2,-0.6088837801831346
1657011578.581161,3,-0.01248905223162211
1657011578.581904,0,-0.17458292620297122
1657011578.582074,1,-0.2613200655956085
1657011578.582243,2,-1.149606798098949
1657011578.582412,3,-0.1376735051848268
1657011578.583156,0,-0.3126856765125279
1657011578.583325,1,-0.31453114756343403
1657011578.583502,2,-1.6749508905905355
1657011578.583671,3,-0.29084760241012475
1657011578.584415,0,-0.4492505342796598
1657011578.584584,1,-0.35297846112400144
1657011578.584753,2,-1.7672244431358965
1657011578.584937,3,-0.3283721804452391
1657011578.585681,0,-0.5043070872983932
1657011578.58585,1,-0.3754316922433727
1657011578.586019,2,-1.7736835918140716
1657011578.586189,3,-0.3702028575991356
1657011578.586931,0,-0.5273754754347326
1657011578.587101,1,-0.3911181961760839
1657011578.587271,2,-1.4451897447525877
1657011578.58744,3,-0.32560397386887807
1657011578.588184,0,-0.4661673522463108
1657011578.588353,1,-0.3818908409215478
1657011578.588522,2,-0.9023136772773821
1657011578.588691,3,-0.22502580159443397
1657011578.589434,0,-0.35728456024278366
1657011578.589603,1,-0.35359361814096957
1657011578.589772,2,-0.2668564787483305
1657011578.589941,3,-0.12506278633695977
1657011578.590684,0,-0.21641360335686777
1657011578.590853,1,-0.31299325502101105
1657011578.591022,2,0.5783692625671737
1657011578.591191,3,0.0407220297362052
1657011578.591935,0,-0.03217407677463058
1657011578.592104,1,-0.25578365244288825
1657011578.592273,2,1.1104800822454202
1657011578.592441,3,0.15544881340093575
1657011578.593184,0,0.10039226038220406
1657011578.59336,1,-0.20226499196657954
1657011578.593529,2,1.6278271335164085
1657011578.593699,3,0.30831533211775053
1657011578.594442,0,0.22465397780995744
1657011578.594612,1,-0.153360009117538
1657011578.594781,2,1.7139491158920794
1657011578.59495,3,0.34460959611892505
1657011578.595693,0,0.2686377045232451
1657011578.595862,1,-0.12660067887938276
1657011578.596031,2,1.7191779505363147
1657011578.596199,3,0.39166910791705867
1657011578.596943,0,0.2926288281850393
1657011578.597112,1,-0.12290973677756867
1657011578.597281,2,1.3823794837457477
1657011578.59745,3,0.34460959611892505
1657011578.598205,0,0.2304979694711644
1657011578.598374,1,-0.13921139772724977
1657011578.598553,2,0.8342745816263069
1657011578.598723,3,0.24526173787842254
1657011578.599465,0,0.11946212790824617
1657011578.599634,1,-0.1598191577957131
1657011578.599804,2,0.1929733914360483
1657011578.599973,3,0.14099262350216257
1657011578.600716,0,-0.02171640748615644
1657011578.600885,1,-0.1933452152205266
1657011578.601054,2,-0.6427174161164331
1657011578.601223,3,-0.02171640748615644
1657011578.601966,0,-0.1998043638987017
1657011578.602135,1,-0.24963208227319633
1657011578.602304,2,-1.1794419134219485
1657011578.602473,3,-0.1425947613205789
1657011578.603216,0,-0.33144796553008327
1657011578.603385,1,-0.3019204287155688
1657011578.603554,2,-1.6860237168959795
1657011578.603724,3,-0.29238549495254773
1657011578.604467,0,-0.4637067241784347
1657011578.604636,1,-0.3539011966494563
1657011578.604805,2,-1.7721456992716487
1657011578.604975,3,-0.3246812383434232
1657011578.605717,0,-0.5033843517729402
1657011578.605886,1,-0.3831211549554858
1657011578.606055,2,-1.7758366413734628
1657011578.606224,3,-0.37143317163307366
1657011578.606967,0,-0.5092283434341454
1657011578.607137,1,-0.394809138277898
1657011578.607305,2,-1.4224289351247315
1657011578.607474,3,-0.32345092430948696
1657011578.60822,0,-0.44371412112693953
1657011578.608389,1,-0.37881505583670183
1657011578.608558,2,-0.8866271733446709
1657011578.608727,3,-0.22441064457746585
1657011578.60947,0,-0.3440586843779503
1657011578.609639,1,-0.3483647834967325
1657011578.609808,2,-0.23886683447623902
1657011578.609977,3,-0.11952637318423953
1657011578.610721,0,-0.20933929766172454
1657011578.61089,1,-0.30653410634283595
1657011578.611058,2,0.5971315515847291
1657011578.611237,3,0.043797814821049386
1657011578.61198,0,-0.03002102721523947
1657011578.612148,1,-0.2603973300701554
1657011578.612326,2,1.1381621480090267
1657011578.612495,3,0.16621406119789484
1657011578.613238,0,0.10316046695856507
1657011578.613407,1,-0.21426055379747666
1657011578.613576,2,1.6376696457879127
1657011578.613745,3,0.3166199518468318
1657011578.614489,0,0.22896007692873965
1657011578.614659,1,-0.15858884376177507
1657011578.614828,2,1.7201006860617696
1657011578.614997,3,0.34799295971225597
1657011578.61574,0,0.26833012601476014
1657011578.615909,1,-0.12198700125211559
1657011578.616078,2,1.7188703720278316
1657011578.616247,3,0.38736300879827645
1657011578.617,0,0.2781726382862644
1657011578.617169,1,-0.11029901792970165
1657011578.617338,2,1.3516216328972952
1657011578.617507,3,0.336612554898327
1657011578.618252,0,0.21050536641966922
1657011578.618421,1,-0.12629310037089958
1657011578.61859,2,0.8213562842699567
1657011578.618758,3,0.24126321726812172
1657011578.619501,0,0.10531351651795795
1657011578.61967,1,-0.15889642227026002
1657011578.619839,2,0.16775195374031782
1657011578.620008,3,0.13668652438338036
1657011578.620751,0,-0.027867977655846587
1657011578.62092,1,-0.20349530600051757
1657011578.621089,2,-0.6642479117103512
1657011578.621258,3,-0.02817555616433154
1657011578.622001,0,-0.1911921656611355
1657011578.62217,1,-0.2582442805107643
1657011578.622339,2,-1.1991269379649587
1657011578.622508,3,-0.1469008604393629
1657011578.623252,0,-0.318837246682218
1657011578.62342,1,-0.3053037923088979
1657011578.623589,2,-1.6924828655741546
1657011578.623759,3,-0.29361580898648576
1657011578.624502,0,-0.4498656912966297
1657011578.624671,1,-0.35359361814096957
1657011578.62484,2,-1.7813730545261848
1657011578.62502,3,-0.32560397386887807
1657011578.625762,0,-0.49723278160324824
1657011578.625931,1,-0.38004536987063986
1657011578.6261,2,-1.7733760133055867
1657011578.62627,3,-0.36774222953125957
1657011578.627022,0,-0.5104586574680834
1657011578.627192,1,-0.3932712457354768
1657011578.627361,2,-1.39443929085264
1657011578.62753,3,-0.3111477839701049
1657011578.628274,0,-0.4415610715675484
1657011578.628445,1,-0.38988788214214587
1657011578.628614,2,-0.8654042562592377
1657011578.628782,3,-0.22318033054352782
1657011578.629526,0,-0.33636922166583716
1657011578.629695,1,-0.36159065936156765
1657011578.629864,2,-0.20011194240718666
1657011578.630034,3,-0.11091417494667155
1657011578.630777,0,-0.20257257047506272
1657011578.630945,1,-0.3071492633598041
1657011578.631115,2,0.6275818239246984
1657011578.631284,3,0.04994938499073953
1657011578.632027,0,-0.03371196931705356
1657011578.632197,1,-0.24532598315441412
1657011578.632366,2,1.1600002221114298
1657011578.632535,3,0.16744437523183286
1657011578.633278,0,0.09239521916160776
1657011578.633447,1,-0.19580584328840445
1657011578.633616,2,1.6444363729745746
1657011578.633786,3,0.31538963781289553
1657011578.634529,0,0.22096303570814158
1657011578.634698,1,-0.14874633149026906
1657011578.634867,2,1.7240992066720668
1657011578.635036,3,0.34522475313589496
1657011578.63578,0,0.2587951922517391
1657011578.63595,1,-0.12444762931999165
1657011578.636119,2,1.7157945869429838
1657011578.636287,3,0.38951605835766756
1657011578.637031,0,0.2781726382862644
1657011578.6372,1,-0.11368238152303256
1657011578.637369,2,1.3340896579136778
1657011578.637538,3,0.3335367698134828
1657011578.638282,0,0.2092750523857294
1657011578.638451,1,-0.13090677799816675
1657011578.63862,2,0.8130516645408736
1657011578.638789,3,0.24187837428509162
1657011578.639533,0,0.10900445861977026
1657011578.639702,1,-0.16227978586358915
1657011578.639871,2,0.1428380945530705
1657011578.64004,3,0.1308425327221734
1657011578.640782,0,-0.018333043892827305
1657011578.640951,1,-0.2041104630174857
1657011578.641129,2,-0.6882390353721455
1657011578.641298,3,-0.03401954782553673
1657011578.642042,0,-0.1884239590847745
1657011578.642211,1,-0.25578365244288825
1657011578.64238,2,-1.219119541016454
1657011578.642548,3,-0.15120695955814512
1657011578.643292,0,-0.327449444919786
1657011578.643461,1,-0.3053037923088979
1657011578.64363,2,-1.7023253778456588
1657011578.643801,3,-0.29638401556284677
1657011578.644545,0,-0.4575551540087428
1657011578.644714,1,-0.35359361814096957
1657011578.644883,2,-1.783218525577091
1657011578.645052,3,-0.32929491597069216
1657011578.645795,0,-0.49354183950143415
1657011578.645965,1,-0.3803529483791248
1657011578.646134,2,-1.7693774926952877
1657011578.646303,3,-0.37297106417549486
1657011578.647046,0,-0.5110738144850515
1657011578.647215,1,-0.404651650549404
1657011578.647394,2,-1.3741391092926598
1657011578.647563,3,-0.314838726071919
1657011578.648307,0,-0.4403307575336086
1657011578.648476,1,-0.38988788214214587
1657011578.648645,2,-0.8564844795131865
1657011578.648814,3,-0.22318033054352782
1657011578.649558,0,-0.3360616431573522
1657011578.649727,1,-0.3468268909543113
1657011578.649896,2,-0.17304503366054824
1657011578.650064,3,-0.10722323284485746
1657011578.650807,0,-0.2078014051192998
1657011578.650976,1,-0.29945980064769273
1657011578.651146,2,0.6463441129422538
1657011578.651315,3,0.05456306261800847
1657011578.652057,0,-0.0377104899273526
1657011578.652236,1,-0.24717145420532027
1657011578.652405,2,1.1735336764847482
1657011578.652574,3,0.17390352391000796
1657011578.653318,0,0.09608616126342007
1657011578.653487,1,-0.1976513143393106
1657011578.653656,2,1.6542788852460788
1657011578.653824,3,0.3206184724571326
1657011578.654568,0,0.2234236637760194
1657011578.654737,1,-0.15028422403269204
1657011578.654906,2,1.7265598347399447
1657011578.655075,3,0.3443020176104401
1657011578.655828,0,0.26187097733658504
1657011578.655997,1,-0.12752341440483583
1657011578.656166,2,1.7114884878242016
1657011578.656335,3,0.39228426493402857
1657011578.657078,0,0.2784802167947493
1657011578.657247,1,-0.11829605915029973
1657011578.657416,2,1.3091757987264288
1657011578.657584,3,0.32677004262682274
1657011578.65833,0,0.21511904404693638
1657011578.658499,1,-0.13305982755755785
1657011578.658668,2,0.7992106316590686
1657011578.658836,3,0.23449649008146167
1657011578.659579,0,0.11946212790824617
1657011578.659749,1,-0.16043431481268122
1657011578.659918,2,0.10592867353492608
1657011578.660086,3,0.1249985410609682
1657011578.660829,0,-0.023869457045549325
1657011578.660999,1,-0.20288014898354767
1657011578.661168,2,-0.7088467954406088
1657011578.661336,3,-0.035865018876444665
1657011578.66208,0,-0.20011194240718666
1657011578.662249,1,-0.2570139664768263
1657011578.662417,2,-1.2314226813558342
1657011578.662587,3,-0.15489790165996098
1657011578.66333,0,-0.3332934365809912
1657011578.663499,1,-0.3074568418682908
1657011578.663668,2,-1.712783047134133
1657011578.663837,3,-0.30438105678344485
1657011578.66458,0,-0.4538642119069287
1657011578.664749,1,-0.3582072957682385
1657011578.664918,2,-1.7835261040855759
1657011578.665087,3,-0.32652670939433115
1657011578.665829,0,-0.4969252030947633
1657011578.665999,1,-0.3932712457354768
1657011578.666168,2,-1.7623031870001444
1657011578.666337,3,-0.36928012207368255
1657011578.66708,0,-0.5107662359765683
1657011578.66725,1,-0.4034213365154642
1657011578.667418,2,-1.3599904979023716
1657011578.667587,3,-0.30591894932586783
1657011578.668332,0,-0.44002317902512544
1657011578.668502,1,-0.3738937997009497
1657011578.668672,2,-0.8487950168010734
1657011578.668841,3,-0.21303023976353685
1657011578.669584,0,-0.3434435273609804
1657011578.669753,1,-0.3419056348185574
1657011578.669932,2,-0.14505538938845497
1657011578.670101,3,-0.09861103460728948
1657011578.670844,0,-0.20441804152597065
1657011578.671013,1,-0.3003825361731458
1657011578.671182,2,0.666029137485264
1657011578.671351,3,0.05487064112649165
1657011578.672094,0,-0.029405870198269568
1657011578.672263,1,-0.24655629718835215
1657011578.672432,2,1.179992825162925
1657011578.672601,3,0.1742111024184929
1657011578.673345,0,0.09977710336523415
1657011578.673514,1,-0.1982664713562805
1657011578.673683,2,1.6610456124327388
1657011578.673852,3,0.3230791005250069
1657011578.674595,0,0.2243463993014707
1657011578.674764,1,-0.15243727359208492
1657011578.674933,2,1.7259446777229748
1657011578.675102,3,0.34799295971225597
1657011578.675846,0,0.2720210681165742
1657011578.676015,1,-0.12783099291332078
1657011578.676184,2,1.7037990251120902
1657011578.676353,3,0.3925918434425135
1657011578.677096,0,0.2950894562529154
1657011578.677266,1,-0.11491269555697059
1657011578.677435,2,1.2987181294379546
1657011578.677604,3,0.3283079351692457
1657011578.678342,0,0.22065545719965662
1657011578.678512,1,-0.12875372843877564
1657011578.678674,2,0.7933666399978634
1657011578.678846,3,0.23664953964085456
1657011578.679582,0,0.11177266519613305
1657011578.679743,1,-0.15951157928722814
1657011578.679905,2,0.10408320248401814
1657011578.680067,3,0.12776674763732743
1657011578.680803,0,-0.02725282063887846
1657011578.680965,1,-0.20226499196657954
1657011578.681127,2,-0.6956209195757737
1657011578.681288,3,-0.0318664982661474
1657011578.682025,0,-0.19888162837324863
1657011578.682187,1,-0.2560912309513732
1657011578.682348,2,-1.1972814669140526
1657011578.68251,3,-0.14567054640542487
1657011578.683247,0,-0.3296024944791771
1657011578.683408,1,-0.3068416848513209
1657011578.68357,2,-1.6989420142523297
1657011578.683732,3,-0.29300065196951763
1657011578.684483,0,-0.4544793689238986
1657011578.684645,1,-0.3548239321749076
1657011578.684807,2,-1.7776821124243707
1657011578.684969,3,-0.32560397386887807
1657011578.685705,0,-0.4923115254674961
1657011578.685867,1,-0.3831211549554858
1657011578.686028,2,-1.7607652944577215
1657011578.68619,3,-0.3711255931245887
1657011578.686926,0,-0.5116889715020214
1657011578.687088,1,-0.40649712160031015
1657011578.68725,2,-1.4421139596677417
1657011578.687411,3,-0.32929491597069216
1657011578.688156,0,-0.4538642119069287
1657011578.688326,1,-0.39634703082032097
1657011578.688495,2,-0.9081576689385891
1657011578.688664,3,-0.22871674369624984
1657011578.689407,0,-0.3499026760391555
1657011578.689576,1,-0.35851487427672346
1657011578.689745,2,-0.2705474208501464
1657011578.689914,3,-0.12660067887938276
1657011578.690657,0,-0.22102728098413493
1657011578.690836,1,-0.3071492633598041
1657011578.691004,2,0.5728328494144499
1657011578.691173,3,0.042259922278626405
1657011578.691916,0,-0.05431972938551688
1657011578.692085,1,-0.2527078673580423
1657011578.692254,2,1.09756178488907
1657011578.692423,3,0.1563715489263906
1657011578.693166,0,0.07947692180525578
1657011578.693339,1,-0.20380288450900075
1657011578.693508,2,1.6293650260588315
1657011578.693677,3,0.3098532246601735
1657011578.694421,0,0.21604177957238946
1657011578.69459,1,-0.15520548016844415
1657011578.694759,2,1.7157945869429838
1657011578.694927,3,0.34799295971225597
1657011578.695671,0,0.2652543409299142
1657011578.695839,1,-0.12967646396422872
1657011578.696009,2,1.7121036448411715
1657011578.696178,3,0.38520995923888357
1657011578.696921,0,0.2923212496765544
1657011578.697091,1,-0.11552785257394049
1657011578.697259,2,1.3897613679493777
1657011578.697428,3,0.3418413895425658
1657011578.698173,0,0.2384950106917607
1657011578.698342,1,-0.12629310037089958
1657011578.698521,2,0.845962564948719
1657011578.69869,3,0.24772236594629682
1657011578.699433,0,0.12530611956945314
1657011578.699602,1,-0.15489790165996098
1657011578.699771,2,0.19604917652089426
1657011578.69994,3,0.14037746648519267
1657011578.700683,0,-0.013104209248588461
1657011578.700852,1,-0.19672857881385752
1657011578.701021,2,-0.6341052178788669
1657011578.70119,3,-0.022023985994641393
1657011578.701933,0,-0.18257996742356752
1657011578.702101,1,-0.2520927103410724
1657011578.70227,2,-1.1674463515910514
1657011578.702439,3,-0.13828866220179492
1657011578.703183,0,-0.3142235690549491
1657011578.703351,1,-0.3142235690549491
1657011578.70352,2,-1.6832555103196185
1657011578.703689,3,-0.29177033793557783
1657011578.704431,0,-0.4498656912966297
1657011578.70461,1,-0.36651191549731976
1657011578.704779,2,-1.7696850712037726
1657011578.704948,3,-0.3219130317670622
1657011578.705691,0,-0.49507973204385713
1657011578.70586,1,-0.38158326241306284
1657011578.706028,2,-1.7650713935765054
1657011578.706198,3,-0.3702028575991356
1657011578.706941,0,-0.5227617978074655
1657011578.707109,1,-0.38865756810820784
1657011578.707278,2,-1.4295032408198765
1657011578.707447,3,-0.319144825190703
1657011578.708192,0,-0.46278398865297987
1657011578.708361,1,-0.3769695847857939
1657011578.70853,2,-0.8949317930737539
1657011578.708699,3,-0.223487909052011
1657011578.709442,0,-0.3554390891918775
1657011578.709611,1,-0.34867236200521745
1657011578.70978,2,-0.24717145420532027
1657011578.70995,3,-0.11891121616726963
1657011578.710702,0,-0.22133485949261988
1657011578.710871,1,-0.3083795773937439
1657011578.71104,2,0.5885193533471629
1657011578.711208,3,0.042567500787111356
1657011578.711951,0,-0.0453999526394675
1657011578.71212,1,-0.2563988094598564
1657011578.712289,2,1.1163240739066254
1657011578.712457,3,0.16190796207911085
1657011578.71321,0,0.097931632314328
1657011578.71338,1,-0.2047256200344556
1657011578.713549,2,1.6373620672794296
1657011578.713717,3,0.31169869571107967
1657011578.71446,0,0.2363419611323696
1657011578.714629,1,-0.15366758762602117
1657011578.714798,2,1.7157945869429838
1657011578.714967,3,0.346455067169833
1657011578.715711,0,0.2784802167947493
1657011578.715879,1,-0.12475520782847482
1657011578.716049,2,1.7176400579938917
1657011578.716218,3,0.3898236368661543
1657011578.716961,0,0.28893788608322524
1657011578.71713,1,-0.11306722450606443
1657011578.7173,2,1.3676157153384914
1657011578.717468,3,0.3427641250680189
1657011578.718213,0,0.22526913482692734
1657011578.718381,1,-0.12660067887938276
1657011578.71855,2,0.8330442675923688
1657011578.718719,3,0.24772236594629682
1657011578.719463,0,0.12223033448460541
1657011578.719631,1,-0.15735852972783704
1657011578.7198,2,0.17790204452030878
1657011578.719969,3,0.14253051604458555
1657011578.720713,0,-0.01156631670616548
1657011578.720882,1,-0.21087719020414575
1657011578.721051,2,-0.6467159367267321
1657011578.72122,3,-0.02725282063887846
1657011578.721963,0,-0.18719364505083647
1657011578.722132,1,-0.2674716357653004
1657011578.722301,2,-1.1852859050831537
1657011578.72247,3,-0.14167202579512583
1657011578.723213,0,-0.3219130317670622
1657011578.723382,1,-0.3062265278343528
1657011578.723552,2,-1.6887919234723388
1657011578.723721,3,-0.29146275942709465
1657011578.724463,0,-0.4609385176020737
1657011578.724633,1,-0.3495950975306723
1657011578.724802,2,-1.7706078067292257
1657011578.724971,3,-0.32560397386887807
1657011578.725714,0,-0.5067677153662693
1657011578.725882,1,-0.3766620062773107
1657011578.726051,2,-1.7709153852377106
1657011578.72622,3,-0.3738937997009497
1657011578.726963,0,-0.5221466407904956
1657011578.727132,1,-0.39142577468456885
1657011578.72731,2,-1.4107409518023193
1657011578.727479,3,-0.323143345801002
1657011578.728225,0,-0.45724757550025963
1657011578.728394,1,-0.3812756839045779
1657011578.728563,2,-0.8792452891410427
1657011578.728732,3,-0.22379548756049594
1657011578.729475,0,-0.3431359488524972
1657011578.729644,1,-0.3511329900730935
1657011578.729814,2,-0.22748642966231003
1657011578.729983,3,-0.11737332362484665
1657011578.730725,0,-0.19857404986476546
1657011578.730895,1,-0.3071492633598041
1657011578.731064,2,0.5995921796526069
1657011578.731241,3,0.0487190709568015
1657011578.731984,0,-0.026330085113423607
1657011578.732153,1,-0.25086239630713614
1657011578.732321,2,1.1341636273987277
1657011578.732491,3,0.1671367967233479
1657011578.733234,0,0.09946952485675098
1657011578.733403,1,-0.20011194240718666
1657011578.733572,2,1.6407454308727587
1657011578.733741,3,0.3169275303553185
1657011578.734484,0,0.23172828350510244
1657011578.734653,1,-0.15182211657511502
1657011578.734822,2,1.7188703720278316
1657011578.734991,3,0.34676264567831794
1657011578.735734,0,0.2750968532014202
1657011578.735903,1,-0.13275224904907468
1657011578.736072,2,1.7201006860617696
1657011578.736241,3,0.3870554302897915
1657011578.736984,0,0.2898606216086783
1657011578.737153,1,-0.12567794335392968
1657011578.737321,2,1.3513140543888102
1657011578.737491,3,0.33876560445771986
1657011578.738236,0,0.22188577123359643
1657011578.738405,1,-0.14044171176118603
1657011578.738573,2,0.8213562842699567
1657011578.738743,3,0.24249353130205975
1657011578.739486,0,0.11177266519613305
1657011578.739655,1,-0.15582063718541406
1657011578.739824,2,0.1622155405875958
1657011578.739993,3,0.13514863184095738
1657011578.740736,0,-0.031558919757660675
1657011578.740906,1,-0.1976513143393106
1657011578.741075,2,-0.6596342340830823
1657011578.741253,3,-0.026330085113423607
1657011578.742006,0,-0.20226499196657954
1657011578.742175,1,-0.2533230243750122
1657011578.742344,2,-1.2040481941007126
1657011578.742513,3,-0.1441326538630019
1657011578.743256,0,-0.3369843786828053
1657011578.743425,1,-0.3053037923088979
1657011578.743594,2,-1.6952510721505156
1657011578.743763,3,-0.2960764370543618
1657011578.744506,0,-0.4624764101444949
1657011578.744675,1,-0.3560542462088474
1657011578.744844,2,-1.7684547571698346
1657011578.745013,3,-0.3206827177331242
1657011578.745756,0,-0.49446457502688723
1657011578.745925,1,-0.38219841943003274
1657011578.746094,2,-1.7727608562886168
1657011578.746263,3,-0.3726634856670117
1657011578.747006,0,-0.5036919302814233
1657011578.747176,1,-0.391733353193052
1657011578.747344,2,-1.389518034716886
1657011578.747513,3,-0.3123780980040429
1657011578.748258,0,-0.4412534930590635
1657011578.748427,1,-0.3760468492603426
1657011578.748596,2,-0.8724785619543809
1657011578.748765,3,-0.2176439173908058
1657011578.749508,0,-0.3425207918355273
1657011578.749676,1,-0.3468268909543113
1657011578.749845,2,-0.20718624810233166
1657011578.750014,3,-0.1112217534551565
1657011578.750758,0,-0.20011194240718666
1657011578.750927,1,-0.304996213800413
1657011578.751095,2,0.6189696256871322
1657011578.751264,3,0.04841149244831655
1657011578.752008,0,-0.025407349587972305
1657011578.752176,1,-0.2628579581380315
1657011578.752346,2,1.1480046602805327
1657011578.752514,3,0.166521639706378
1657011578.753258,0,0.10377562397553497
1657011578.753427,1,-0.2148757108144448
1657011578.753596,2,1.6432060589406365
1657011578.753764,3,0.3190805799147096
1657011578.754508,0,0.23172828350510244
1657011578.754676,1,-0.1570509512193521
1657011578.754845,2,1.7179476365023767
1657011578.755015,3,0.3470702241868029
1657011578.755758,0,0.267714968997792
1657011578.755927,1,-0.12198700125211559
1657011578.756106,2,1.7225613141296456
1657011578.756275,3,0.3928994219509985
1657011578.757017,0,0.2787877953032343
1657011578.757186,1,-0.10999143942121847
1657011578.757355,2,1.333474500896708
1657011578.757533,3,0.3363049763898438
1657011578.758278,0,0.2092750523857294
1657011578.758447,1,-0.12598552186241463
1657011578.758616,2,0.8059773588457286
1657011578.758785,3,0.24157079577660667
1657011578.759528,0,0.10285288845008012
1657011578.759697,1,-0.1570509512193521
1657011578.759865,2,0.13607136736641046
1657011578.760034,3,0.13422589631550252
1657011578.760778,0,-0.0318664982661474
1657011578.760946,1,-0.20011194240718666
1657011578.761115,2,-0.6854708287957845
1657011578.761285,3,-0.03217407677463058
1657011578.762027,0,-0.20503319854294055
1657011578.762197,1,-0.2582442805107643
1657011578.762366,2,-1.213583127863732
1657011578.762535,3,-0.14567054640542487
1657011578.763278,0,-0.32498881685190817
1657011578.763447,1,-0.3083795773937439
1657011578.763616,2,-1.6967889646929386
1657011578.763785,3,-0.2985370651222379
1657011578.764528,0,-0.4461747491948156
1657011578.764697,1,-0.35359361814096957
1657011578.764866,2,-1.7739911703225566
1657011578.765034,3,-0.32222061027554716
1657011578.765778,0,-0.4932342609929492
1657011578.765947,1,-0.37943021285366996
1657011578.766116,2,-1.7724532777801336
1657011578.766285,3,-0.37512411373488774
1657011578.767028,0,-0.5141495995698975
1657011578.767197,1,-0.39142577468456885
1657011578.767366,2,-1.380598257970835
1657011578.767535,3,-0.3139159905464659
1657011578.768279,0,-0.4412534930590635
1657011578.768449,1,-0.37881505583670183
1657011578.768617,2,-0.8632512066998448
1657011578.768787,3,-0.22133485949261988
1657011578.76953,0,-0.3354464861403823
1657011578.769699,1,-0.35851487427672346
1657011578.769868,2,-0.1911921656611355
1657011578.770047,3,-0.11029901792970165
1657011578.770798,0,-0.2004195209156716
1657011578.770967,1,-0.31576146159737206
1657011578.771135,2,0.6398849642640787
1657011578.771304,3,0.051794856041647463
1657011578.772048,0,-0.030636184232209374
1657011578.772218,1,-0.24747903271380522
1657011578.772386,2,1.1630760071962758
1657011578.772556,3,0.17328836689303806
1657011578.773309,0,0.09116490512766795
1657011578.773478,1,-0.19734373583082565
1657011578.773647,2,1.651818257178201
1657011578.773815,3,0.3240018360504635
1657011578.774558,0,0.21973272167420355
1657011578.774727,1,-0.15028422403269204
1657011578.774895,2,1.7225613141296456
1657011578.775064,3,0.3470702241868029
